Id;Zona;Area;Qualidade;AnoConstrucao;QualidadeAquecimento;Banheiros;Quartos_t1;Quartos_t2;Comodos;Lareiras;Garagem;Preco
1;RL;9600;6;1976;Ex;2;3;4;6;1;2;181500
2;RL;14115;5;1993;Ex;1;1;2;5;0;2;143000
3;RL;11200;5;1965;Ex;1;3;4;5;0;1;129500
4;RL;12968;5;1962;TA;1;2;3;4;0;1;144000
5;RL;10920;6;1960;TA;1;2;3;5;1;1;157000
6;RL;11241;6;1970;Ex;1;2;3;5;1;2;149000
7;RL;13695;5;2004;Ex;1;3;4;6;0;2;159000
8;RL;7560;5;1958;TA;1;3;4;6;0;1;139000
9;RM;4224;5;1976;TA;1;3;4;6;1;2;129900
10;RL;8246;5;1968;Ex;1;3;4;6;1;1;154000
11;RL;7200;5;1951;TA;1;3;4;5;0;2;134800
12;RL;8544;5;1966;Gd;1;3;4;6;0;1;149350
13;RL;11049;8;2007;Ex;2;3;4;7;0;2;179900
14;RL;10859;5;1994;Ex;1;3;4;6;0;2;145000
15;RL;8532;5;1954;Gd;1;3;4;5;1;2;153000
16;RL;7922;5;1953;TA;1;3;4;5;0;1;109000
17;RL;8658;6;1965;Ex;2;3;4;6;1;2;160000
18;RL;16905;5;1959;Gd;1;2;3;5;2;1;170000
19;RL;9180;5;1983;Gd;1;2;3;5;0;2;144000
20;RL;9200;5;1975;TA;1;3;4;5;0;1;130250
21;RL;7945;5;1959;Ex;1;3;4;6;0;1;141000
22;RL;7742;5;1966;Ex;1;3;4;6;0;1;127000
23;RL;13869;6;1997;Gd;2;3;4;6;0;2;177000
24;RL;7134;5;1955;TA;1;3;4;6;1;2;130000
25;RL;10175;6;1964;Gd;2;3;4;7;1;2;180500
26;RL;11645;7;2004;Ex;2;3;4;7;0;2;196500
27;RL;7200;5;1972;Ex;1;2;3;4;0;1;124900
28;RL;13072;6;2004;Ex;1;3;4;5;0;2;158000
29;RL;19900;7;1970;TA;2;3;4;7;1;2;180000
30;RM;4608;4;1945;TA;1;2;3;4;0;1;80000
31;RL;7599;4;1982;TA;1;2;3;4;0;2;129500
32;RL;10141;7;1998;Gd;2;3;4;7;1;2;185000
33;RL;10200;5;1954;Gd;1;3;4;6;0;2;144900
34;RM;1596;4;1973;TA;1;2;3;5;0;1;91000
35;RL;8475;4;1956;Ex;1;2;3;4;0;1;135750
36;RM;8635;5;1948;TA;1;2;3;6;0;1;127000
37;RM;4500;6;1998;Ex;2;2;3;5;0;2;153500
38;RL;8892;5;1960;Gd;1;3;4;6;0;2;126500
39;RL;8530;7;1995;Gd;2;3;4;7;1;2;168500
40;RL;11911;6;2005;Ex;2;3;4;6;1;2;174000
41;RL;8070;4;1994;Ex;1;3;4;5;0;0;123600
42;RL;7200;4;1950;TA;1;2;3;4;0;2;109900
43;RL;8500;5;1961;TA;1;2;3;6;0;2;98600
44;RL;9765;6;1993;Gd;2;3;4;6;1;2;185000
45;RL;10921;4;1965;TA;1;3;4;6;0;1;94750
46;RL;9320;4;1959;Fa;1;3;4;6;0;0;128950
47;RL;9206;6;1985;TA;2;3;4;7;1;2;178000
48;RL;10402;7;2009;Ex;2;3;4;6;0;3;198900
49;RM;6000;5;1948;Ex;1;2;3;5;0;1;115000
50;RL;11751;6;1977;Ex;2;3;4;7;1;2;190000
51;RL;7750;7;2000;Ex;2;3;4;7;1;2;180000
52;RL;11616;5;1962;TA;1;3;4;6;1;1;139000
53;RL;8536;5;2006;Gd;1;2;3;5;0;2;155000
54;RL;8461;6;2005;Ex;2;3;4;8;1;2;163990
55;RL;9464;6;1958;Gd;1;3;4;5;0;1;136000
56;RL;7892;6;1993;Ex;2;2;3;5;0;2;153900
57;RL;17043;6;1979;TA;2;3;4;7;1;2;181000
58;RL;4928;6;1976;TA;2;2;3;5;1;2;128000
59;RL;7590;6;1966;TA;1;3;4;6;1;2;155000
60;RL;8973;5;1958;TA;1;3;4;6;0;2;150000
61;RL;7388;5;1959;Gd;1;3;4;7;0;2;150750
62;RL;10335;5;1968;Gd;2;3;4;7;1;2;180000
63;RL;10400;7;1970;Gd;2;3;4;7;1;2;174000
64;RL;10355;5;1967;TA;2;3;4;5;1;1;143000
65;RL;10500;4;1971;TA;1;3;4;5;1;0;115000
66;RM;2522;6;2004;Ex;2;3;4;7;0;2;130000
67;RL;7500;7;2004;Ex;1;3;4;6;0;0;141000
68;RL;10356;5;1975;TA;1;3;4;5;0;2;122000
69;RL;7200;5;1950;TA;1;2;3;5;0;2;109500
70;RL;11120;6;1984;TA;2;3;4;6;0;2;162500
71;RL;5500;4;1956;Ex;1;1;2;4;0;0;103200
72;RL;8244;7;2004;Ex;2;3;4;7;1;2;183500
73;RM;12358;5;1941;TA;1;2;3;7;0;2;128500
74;RL;10197;6;1961;TA;1;3;4;6;1;2;163000
75;RL;12416;6;1986;TA;2;3;4;7;1;2;184000
76;RL;9060;5;1957;Ex;1;3;4;7;1;1;120000
77;RM;11426;7;2003;Ex;2;3;4;6;0;2;200000
78;RL;9947;7;1990;Ex;2;3;4;6;0;2;173000
79;RL;9017;7;1999;Ex;2;3;4;6;0;2;192000
80;RM;2522;7;2004;Ex;2;3;4;7;0;2;130000
81;RL;7180;5;1972;TA;1;3;4;5;0;1;127000
82;RL;2280;6;1976;TA;2;3;4;7;1;2;148500
83;RM;8546;4;2003;Ex;2;2;3;5;0;2;140000
84;RL;10125;6;1977;TA;2;3;4;6;2;2;171500
85;RM;4438;6;2004;Ex;1;1;2;3;1;2;149000
86;RM;3500;5;1947;TA;1;2;3;5;0;1;110000
87;RL;11851;7;1990;Ex;2;3;4;5;0;2;180500
88;RL;13673;5;1962;TA;1;3;4;8;1;1;143900
89;RL;12493;4;1960;TA;1;3;4;6;1;1;141000
90;RL;8250;6;1964;Ex;1;3;4;6;0;2;145000
91;RL;10420;6;2009;Ex;2;3;4;6;0;2;186000
92;RL;13568;5;1995;Ex;1;3;4;5;0;2;156000
93;RL;10900;6;1977;Ex;1;3;4;6;0;1;161750
94;RL;10011;5;1957;TA;1;2;3;6;1;1;134450
95;RL;3010;7;2005;Ex;2;2;3;5;0;2;167240
96;RL;11475;6;1975;TA;2;3;4;6;1;2;179900
97;RL;10500;4;1971;Gd;1;2;3;4;0;2;97000
98;RM;1680;5;1971;TA;2;3;4;6;0;1;112000
99;RM;1869;6;1970;TA;1;2;3;5;0;1;106000
100;RL;8521;5;1967;TA;1;3;4;5;1;1;125000
101;RL;3182;7;2005;Ex;2;2;3;7;1;2;192500
102;RL;8760;6;1959;TA;1;3;4;6;0;1;148000
103;RM;1680;6;1972;TA;1;2;3;5;1;1;94500
104;RL;10650;5;1976;TA;1;3;4;5;0;1;128200
105;RM;1680;6;1971;TA;1;2;3;5;0;1;89500
106;RL;8773;7;2004;Ex;2;3;4;6;0;2;185500
107;RL;9453;7;1993;Ex;2;3;4;7;0;2;194500
108;RL;8741;6;1945;TA;1;3;4;7;1;1;113000
109;RM;3880;5;1945;Gd;1;2;3;4;0;0;110500
110;RL;10762;6;1980;TA;1;3;4;6;1;1;120000
111;RL;11310;6;1954;Ex;1;2;3;5;1;2;140000
112;RL;11317;7;2003;Ex;2;3;4;8;0;2;180000
113;RL;8366;6;2004;Ex;2;3;4;6;0;2;173000
114;RL;9350;6;1964;Ex;2;3;4;7;0;1;158000
115;RL;8400;5;1957;TA;1;3;4;5;0;1;145000
116;RM;12702;5;1956;Gd;1;2;3;4;0;1;97000
117;RL;19296;6;1962;TA;1;3;4;6;1;2;176000
118;RL;8471;6;1977;TA;1;3;4;6;1;2;151000
119;RL;12090;6;1981;TA;2;3;4;7;1;2;175500
120;RL;11207;6;1997;Gd;2;3;4;8;1;2;185000
121;RM;6900;5;1940;Ex;1;2;3;4;1;1;120500
122;RL;7917;6;1976;TA;1;3;4;6;1;1;148000
123;RL;9600;6;1958;Gd;2;3;4;6;1;1;139000
124;RL;8314;5;1982;TA;1;2;3;5;0;1;124500
125;RL;19138;4;1951;Ex;1;2;3;4;0;2;141000
126;RL;8012;6;1992;Gd;2;2;3;5;0;2;179200
127;RL;9786;6;1962;TA;1;3;4;7;1;2;159000
128;RL;8125;4;1971;TA;1;3;4;5;0;0;88000
129;RL;9819;5;1967;TA;1;3;4;5;0;1;122000
130;RL;11409;5;1949;Gd;1;3;4;8;1;1;131000
131;RL;9600;6;1953;TA;1;3;4;7;2;2;167000
132;RL;7937;6;1984;TA;1;3;4;6;0;2;142500
133;RL;11700;6;1968;Gd;1;3;4;7;1;2;175000
134;RL;14000;6;1950;Ex;1;3;4;6;1;1;158500
135;RL;15750;5;1953;TA;1;2;3;5;2;1;157000
136;RL;9800;5;1972;TA;1;3;4;5;0;2;149900
137;RL;12342;4;1940;Ex;1;1;2;4;0;2;82500
138;RL;7685;6;1993;Gd;2;3;4;6;1;2;165600
139;RL;8000;6;1948;Ex;1;2;3;5;1;1;132000
140;RL;7795;7;2004;Ex;2;3;4;6;1;2;188500
141;RL;14115;7;1980;TA;2;3;4;6;2;2;187500
142;RL;11600;6;1960;TA;1;3;4;7;0;1;145250
143;RL;8176;5;1958;Fa;1;3;4;6;0;1;139000
144;RL;9042;6;1998;Gd;2;3;4;7;2;2;192000
145;RL;12400;6;1958;TA;1;3;4;6;0;1;155000
146;RM;2592;5;1976;TA;1;3;4;4;0;1;85000
147;RL;12772;6;1960;TA;1;2;3;5;0;1;151500
148;RL;17600;6;1960;Ex;2;3;4;6;2;2;157500
149;RL;2448;7;2003;Ex;2;2;3;6;0;2;154000
150;RL;5271;7;1986;Gd;1;2;3;6;1;2;190000
151;RL;8400;6;1940;Ex;1;2;3;6;2;1;140000
152;RL;11249;6;1995;Ex;2;3;4;6;0;2;177500
153;RL;9248;6;1992;Gd;2;3;4;6;0;2;173000
154;RM;4224;5;1976;TA;1;3;4;6;1;2;134000
155;RL;6930;5;1958;Ex;1;3;4;6;0;1;130000
156;RL;7540;6;1978;Ex;1;2;3;5;1;2;156000
157;RL;9144;5;1940;Gd;1;3;4;8;0;1;145000
158;RM;1680;6;1972;Gd;1;2;3;5;0;1;118000
159;RL;18800;6;1976;TA;2;3;4;6;1;2;190000
160;RL;9500;6;1963;Gd;1;3;4;6;2;2;159000
161;RL;9150;6;1962;Gd;1;3;4;6;1;1;165000
162;RL;7800;5;1954;Gd;1;2;3;7;1;1;132000
163;RL;9830;5;1959;Ex;1;3;4;7;1;2;162000
164;RL;8121;6;2000;Ex;2;3;4;7;1;2;172400
165;RL;7175;6;1984;TA;1;2;3;4;0;1;125000
166;RL;10634;5;1953;TA;1;3;4;5;0;1;123000
167;RL;8846;5;1996;Ex;1;2;3;5;0;2;148000
168;RL;8123;6;2000;Ex;2;3;4;7;1;2;179000
169;RL;3182;8;2004;Ex;2;2;3;6;1;2;192000
170;RL;7200;6;1976;Ex;1;3;4;6;1;1;125000
171;RL;9382;7;1999;Ex;2;3;4;6;0;2;191000
172;RL;8339;5;1959;TA;1;3;4;5;0;1;106500
173;RL;7446;4;1941;TA;1;2;3;4;2;0;100000
174;RL;10134;5;1940;Gd;1;2;3;5;0;1;109000
175;RL;9571;5;1956;TA;1;3;4;6;0;1;129000
176;RL;7200;5;1972;TA;1;2;3;6;0;2;123000
177;RL;8767;7;2005;Ex;2;3;4;6;1;2;164990
178;RL;10200;5;1940;Ex;1;2;3;4;0;1;108000
179;RL;10364;6;1995;Gd;2;3;4;7;1;2;168000
180;RL;9991;4;1976;Ex;2;3;4;8;1;2;150000
181;RL;8899;7;2007;Ex;2;3;4;6;0;2;181134
182;RL;7844;6;1978;TA;1;3;4;6;1;2;149500
183;RL;8450;5;1968;Ex;1;3;4;6;1;1;142000
184;RL;9000;6;1956;Gd;1;2;3;6;1;1;139000
185;RM;3378;7;1946;Gd;1;3;4;6;2;1;135000
186;RL;8593;4;1957;Ex;1;3;4;5;0;1;109008
187;RL;6762;7;2007;Ex;2;2;3;6;0;2;195400
188;RL;11457;6;1988;TA;2;3;4;6;1;2;175000
189;RM;1680;6;1971;TA;1;2;3;4;0;1;85400
190;RM;1920;5;1971;Ex;1;2;3;6;0;2;122500
191;RL;10839;6;1997;Ex;2;3;4;7;1;2;181000
192;RM;1890;4;1972;Gd;1;1;2;3;0;0;81000
193;RL;3922;7;2006;Ex;2;2;3;6;1;3;172500
194;RL;9855;6;1956;Fa;1;3;4;7;1;2;127500
195;RL;16492;6;1966;Ex;2;2;3;6;1;2;190000
196;RL;9600;7;1973;Fa;1;3;4;6;1;2;175500
197;RL;7015;5;1950;TA;1;3;4;5;1;1;110000
198;RL;8430;5;1978;TA;2;3;4;5;0;0;124000
199;RM;3072;7;2004;Ex;2;2;3;6;1;2;178740
200;RL;10628;7;1970;TA;1;2;3;5;1;2;167000
201;RL;9480;5;1942;Ex;1;3;4;7;2;1;146500
202;RL;9291;6;1993;Ex;2;3;4;7;0;2;187000
203;RL;11952;7;1977;TA;2;3;4;8;1;2;190000
204;RM;3675;6;2005;Ex;1;2;3;5;0;2;148000
205;RL;8480;5;1963;TA;1;2;3;5;0;2;132500
206;RM;4500;6;1998;Ex;2;2;3;5;0;2;164000
207;RL;7758;5;1962;Gd;1;3;4;6;0;1;132500
208;RL;9600;5;1950;Gd;1;3;4;5;1;1;147000
209;RL;10289;5;1965;TA;1;3;4;6;0;2;156000
210;RL;12243;5;1971;Gd;2;3;4;7;1;2;175000
211;RM;1526;4;1970;TA;1;1;2;3;0;1;86000
212;RM;2665;5;1976;TA;1;3;4;4;1;1;115000
213;RL;9490;6;1941;TA;1;3;4;5;2;1;133000
214;RL;15578;6;2006;Gd;2;3;4;8;0;2;172785
215;RL;7931;5;1960;TA;1;3;4;6;1;1;155000
216;RL;7800;5;1967;Ex;1;3;4;5;0;1;130000
217;RL;7535;5;1958;Fa;1;2;3;5;0;1;120000
218;RM;1890;6;1973;TA;1;3;4;7;0;1;113000
219;RL;9170;5;1965;Ex;1;2;3;6;0;2;140000
220;RL;2308;6;1974;TA;2;3;4;6;1;2;147000
221;RL;9600;5;1959;Ex;1;3;4;6;0;1;124500
222;RL;14559;5;1951;Ex;1;2;3;6;2;1;164900
223;RL;9100;5;1958;TA;1;3;4;5;0;2;129900
224;RL;9187;6;1983;TA;1;3;4;5;0;2;134000
225;RL;10448;6;1972;TA;2;3;4;7;1;2;158000
226;RL;11988;6;1957;Ex;1;3;4;6;2;1;150000
227;RM;5000;6;1947;Ex;2;3;4;7;2;2;159000
228;RL;13300;5;1956;TA;1;2;3;4;0;1;132000
229;RL;10200;6;1988;Ex;2;3;4;5;1;2;175000
230;RL;7200;5;1955;Ex;1;2;3;5;1;1;107500
231;RL;9056;8;2004;Ex;2;3;4;6;1;2;178000
232;RL;8924;7;1998;Ex;2;3;4;8;0;2;188000
233;RL;12735;4;1972;TA;1;3;4;5;0;2;111250
234;RL;11553;5;1968;TA;1;3;4;7;1;1;158000
235;RL;17104;7;2006;Ex;2;3;4;7;1;2;179665
236;RL;7244;5;1970;Ex;1;2;3;5;0;2;129500
237;RM;8235;5;1955;TA;1;2;3;4;0;2;125000
238;RL;4043;6;1977;TA;2;2;3;4;0;2;140000
239;RM;6000;5;1957;Gd;1;3;4;5;0;1;112500
240;RL;8777;4;1949;Ex;2;2;3;5;0;2;108000
241;RL;14850;5;1957;TA;1;2;3;6;1;1;141000
242;RL;11341;5;1957;TA;1;3;4;5;1;2;121500
243;RL;10010;5;1974;Gd;1;2;3;6;1;2;170000
244;RL;13907;5;1940;Ex;1;3;4;6;1;0;108000
245;RL;7032;5;1979;TA;1;2;3;4;2;2;135960
246;RL;7332;6;1959;Ex;1;2;3;4;0;1;120000
247;RL;9967;7;2000;Ex;2;3;4;8;1;2;170000
248;RL;10500;5;1971;TA;1;3;4;5;0;1;139000
249;RL;8480;5;1947;TA;1;2;3;6;0;1;118500
250;RL;11777;5;1966;Ex;1;3;4;6;2;2;164500
251;RL;14585;6;1960;Ex;1;3;4;7;2;2;181900
252;RL;11841;6;1990;TA;1;3;4;5;0;0;118500
253;RL;8740;5;1982;TA;1;2;3;4;0;2;137000
254;RL;8320;7;2004;Ex;2;3;4;6;0;2;185900
255;RL;6600;5;1982;Ex;1;2;3;4;0;2;138000
256;RM;4435;6;2003;Ex;1;1;2;4;0;2;140000
257;RL;7990;5;1975;TA;1;3;4;5;0;1;110000
258;RM;1950;6;1980;TA;2;3;4;6;1;2;151000
259;RL;12464;5;1996;Gd;1;3;4;6;0;2;152000
260;RL;7943;4;1961;Gd;1;3;4;5;0;1;118500
261;RL;10395;6;1978;TA;2;3;4;6;1;2;148000
262;RL;8402;5;2007;Ex;1;3;4;6;0;0;147000
263;RL;8800;6;1963;Ex;1;3;4;6;0;2;137500
264;RL;7861;6;2002;Ex;2;3;4;7;1;2;183200
265;RL;7227;6;1954;Gd;1;2;3;4;0;2;105500
266;RL;7064;5;1977;TA;1;3;4;6;0;2;135000
267;RL;10000;6;1962;TA;1;3;4;5;0;2;160000
268;RL;12342;5;1960;TA;1;3;4;6;1;1;139900
269;RL;9600;6;1955;Ex;1;3;4;7;2;1;153000
270;RL;9020;6;1964;TA;1;3;4;6;0;2;168500
271;RL;11900;7;1977;TA;2;3;4;6;1;2;82500
272;RL;9250;5;1954;TA;1;3;4;6;0;1;139400
273;RL;10530;6;1971;TA;1;3;4;5;0;2;143250
274;RL;7200;5;1950;Gd;1;3;4;7;0;2;98300
275;RL;10452;6;1953;Ex;1;3;4;5;2;2;155000
276;RM;1936;4;1970;Gd;1;1;2;3;0;0;84500
277;RL;8750;7;1996;Ex;2;2;3;7;1;2;191000
278;RM;1680;6;1971;TA;1;3;4;6;0;1;88000
279;RL;10007;5;1959;Ex;1;3;4;5;0;1;145500
280;RL;17503;6;1948;TA;1;3;4;6;1;1;97500
281;RL;9937;5;1964;Ex;1;3;4;7;0;2;167000
282;RL;12384;7;1976;TA;2;3;4;7;1;2;197900
283;RL;13560;6;1968;Gd;1;2;3;5;2;2;110000
284;RL;10012;4;1972;TA;2;3;4;6;0;2;137500
285;RL;18450;6;1965;TA;2;3;4;7;1;2;129000
286;RL;8125;6;1994;Ex;2;3;4;7;1;2;193500
287;RL;14175;5;1956;Gd;1;3;4;6;1;2;168000
288;RL;8633;6;2005;Ex;2;3;4;7;0;2;173500
289;RL;11250;6;1977;TA;1;3;4;6;1;2;165000
290;RL;9200;6;1965;TA;1;3;4;5;1;1;140000
291;RL;2289;6;1978;TA;2;3;4;7;1;2;148500
292;RL;9945;5;1961;TA;1;3;4;5;0;2;128500
293;RL;8012;6;1980;TA;2;2;3;5;1;1;143000
294;RL;2887;6;1996;Ex;1;2;3;6;1;2;173000
295;RL;7577;6;2005;Ex;2;2;3;6;1;2;194700
296;RM;4426;6;2004;Ex;1;1;2;3;1;2;141000
297;RL;13811;6;1987;Gd;2;2;3;5;1;2;176000
298;RL;6420;5;1952;Fa;1;2;3;6;0;1;123500
299;RL;8450;5;1965;Ex;1;3;4;5;1;1;138500
300;RL;9600;7;1969;TA;1;3;4;6;0;2;140000
301;RL;9018;7;2007;Ex;2;3;4;8;1;2;179540
302;RL;7162;5;1966;TA;1;3;4;6;0;1;109900
303;RL;4671;8;1988;Gd;2;2;3;5;1;2;189000
304;RL;13517;6;1976;Ex;2;3;4;6;0;2;130500
305;RL;10140;6;1974;TA;2;3;4;7;1;2;165000
306;RL;10000;5;1973;Gd;1;3;4;5;1;2;157000
307;RL;9920;5;1969;TA;1;3;4;5;1;1;128500
308;RM;4426;6;2004;Ex;1;1;2;3;0;2;143000
309;RL;8120;4;1970;Ex;1;3;4;5;0;2;124500
310;RL;6960;4;1970;TA;1;3;4;5;0;2;120500
311;RL;7314;7;2007;Ex;2;2;3;6;0;2;194500
312;RL;9590;7;2003;Ex;2;3;4;6;1;2;187500
313;RL;10000;5;1961;Ex;1;3;4;6;1;1;131400
314;RL;8978;5;1968;TA;1;3;4;6;0;1;108000
315;RL;9313;7;2004;Ex;2;3;4;7;0;2;190000
316;RL;6768;6;1961;Gd;1;3;4;5;0;1;142000
317;RL;8450;7;2000;Ex;2;3;4;6;0;2;179000
318;RL;12886;5;1963;Ex;2;3;4;6;1;2;175000
319;RL;5395;8;1993;Gd;2;2;3;5;1;2;180000
320;RL;7750;7;2003;Ex;2;3;4;6;0;2;162000
321;RL;7930;6;1969;Gd;1;3;4;5;0;2;156000
322;RL;11616;6;1978;TA;2;3;4;6;1;2;158900
323;RL;9100;6;1959;Ex;1;2;3;5;0;1;127500
324;RL;10421;7;1988;TA;2;3;4;7;1;2;196500
325;RL;7252;5;1982;TA;1;2;3;5;0;2;134900
326;RL;8877;4;1951;TA;1;2;3;6;0;2;102000
327;RL;7819;6;1976;TA;1;3;4;6;1;2;107000
328;RL;10150;5;1958;Ex;1;2;3;5;0;1;114500
329;RM;4500;6;1998;Ex;2;2;3;5;0;2;162000
330;RL;13350;5;1974;TA;1;3;4;5;1;2;142500
331;RL;10530;6;1977;TA;1;2;3;4;0;2;135000
332;RL;7875;7;1995;Gd;2;3;4;6;1;2;176000
333;RL;7153;6;1992;Ex;2;3;4;7;0;2;175900
334;RL;16285;7;2001;Ex;2;3;4;6;0;2;187100
335;RL;9101;5;1978;Ex;1;1;2;4;1;2;165500
336;RL;9790;6;1967;TA;2;3;4;7;1;2;161500
337;RM;6000;4;1954;Ex;1;2;3;4;0;1;107900
338;RL;3182;7;2005;Ex;2;2;3;5;1;2;160200
339;RL;11333;6;1976;TA;1;3;4;5;2;2;146800
340;RL;10832;7;1994;Ex;2;3;4;7;1;2;194500
341;RL;8400;6;1980;TA;2;3;4;7;1;2;171000
342;RL;8197;6;1977;Ex;1;3;4;7;1;2;143500
343;RL;7677;5;1953;Gd;1;2;3;4;0;1;110000
344;RL;8199;7;2005;Ex;2;3;4;7;1;2;189000
345;RL;9000;5;1954;TA;1;2;3;5;0;1;118000
346;RL;9750;5;1967;Gd;2;3;4;6;0;1;135500
347;RL;13400;5;1966;TA;1;3;4;6;1;2;159950
348;RM;4438;6;2004;Ex;1;1;2;4;1;2;144500
349;RL;11425;5;1954;Gd;1;2;3;4;1;1;137000
350;RL;8816;6;1971;Gd;1;3;4;6;0;2;155000
351;RL;7226;7;2003;Ex;2;3;4;6;0;2;183000
352;RL;9900;6;1940;TA;2;3;4;7;1;1;139500
353;RL;8529;7;2001;Ex;2;3;4;6;1;2;189000
354;RL;11900;6;1957;TA;1;3;4;6;2;2;166000
355;RL;10004;6;1964;TA;1;3;4;6;0;2;167000
356;RL;7875;5;1961;Gd;1;3;4;6;0;2;139950
357;RL;9600;4;1950;TA;2;2;3;4;0;2;128000
358;RM;8100;5;1948;Gd;1;2;3;5;0;2;153500
359;RM;1680;6;1973;TA;1;2;3;5;0;1;100000
360;RL;9525;5;1995;Ex;1;3;4;6;0;1;144000
361;RL;11767;5;1946;Ex;1;3;4;6;0;1;130500
362;RL;9020;6;1966;TA;1;3;4;6;0;2;174900
363;RL;16647;5;1975;TA;2;3;4;6;2;2;171000
364;RL;15523;5;1972;Ex;1;3;4;5;1;1;133500
365;RL;9600;6;1976;Ex;2;3;4;7;1;2;187000
366;RM;4435;6;2003;Ex;1;1;2;3;0;2;131500
367;RL;12095;6;1964;TA;1;3;4;7;1;2;158000
368;RL;17920;5;1955;TA;1;3;4;6;1;2;170000
369;RL;6897;5;1962;Ex;1;3;4;6;0;1;127000
370;RL;10970;6;1978;TA;1;3;4;5;0;2;147000
371;RL;8125;6;1994;Gd;2;3;4;6;1;2;174000
372;RL;10400;7;1976;TA;2;3;4;6;1;2;152000
373;RL;11625;5;1965;Ex;1;3;4;6;0;2;131500
374;RL;9672;6;1984;TA;2;3;4;6;0;2;152000
375;RL;7931;5;1959;TA;1;3;4;6;0;1;132500
376;RL;8750;5;1970;TA;1;3;4;5;0;2;148500
377;RL;6970;4;1961;TA;1;3;4;5;0;2;129000
378;RL;14762;5;1948;Gd;2;2;3;7;1;2;169000
379;RL;8892;5;1953;Gd;1;3;4;5;0;2;116000
380;RL;12144;5;1949;Gd;1;3;4;6;1;1;133000
381;RL;11782;5;1961;TA;1;3;4;6;0;2;148000
382;RL;7000;5;1978;Ex;1;3;4;6;0;1;136500
383;RL;7024;5;2005;Gd;1;2;3;5;0;2;157000
384;RL;13758;7;1990;Ex;2;3;4;7;1;2;187500
385;RL;9636;6;1992;Gd;2;3;4;7;1;2;178000
386;RL;7150;5;1967;TA;1;3;4;5;0;1;100000
387;RL;16466;5;1955;TA;1;3;4;8;0;1;135500
388;RL;12160;6;1953;Ex;1;2;3;6;1;2;149500
389;RL;8064;5;1949;Ex;1;3;4;6;1;2;122900
390;RL;11184;6;1978;Gd;2;3;4;7;1;2;172500
391;RL;8414;6;1963;TA;1;3;4;6;0;1;154500
392;RL;13284;5;1954;TA;1;3;4;6;1;1;165000
393;RL;6993;5;1961;TA;1;3;4;6;1;1;135000
394;RL;7340;4;1971;TA;1;2;3;4;0;1;110000
395;RL;8712;5;1957;TA;1;2;3;5;0;1;153000
396;RL;7875;7;2003;Ex;2;3;4;8;1;2;180000
397;RL;6173;5;1967;TA;1;3;4;6;0;1;125500
398;RL;9920;5;1954;TA;1;3;4;6;0;1;128000
399;RL;8885;5;1983;TA;1;2;3;5;0;2;131000
400;RL;12589;6;2005;Ex;2;3;4;8;1;2;174000
401;RL;9286;5;1977;TA;1;3;4;5;0;1;143500
402;RL;17140;4;1956;Ex;1;3;4;6;0;1;135000
403;RL;11029;6;1958;Ex;1;3;4;6;1;2;176500
404;RL;10237;6;2005;Ex;2;3;4;6;1;2;169990
405;RL;8012;6;1993;Ex;2;2;3;5;1;2;193000
406;RL;15611;5;1977;TA;2;3;4;6;0;2;175000
407;RL;9100;5;1965;Ex;1;2;3;5;0;1;117500
408;RL;8487;7;2004;Ex;2;3;4;6;0;2;190000
409;RL;10083;7;2003;Ex;2;2;3;5;0;2;184900
410;RL;14375;6;1958;Gd;1;3;4;7;1;2;137500
411;RL;8163;5;1959;TA;1;3;4;6;1;1;143000
412;RL;14006;7;2002;Ex;2;3;4;7;1;2;192500
413;RL;9360;6;1972;TA;1;3;4;5;1;2;197500
414;RL;7200;5;1950;Gd;1;3;4;5;0;2;129000
415;RL;7200;5;1972;Gd;1;2;3;5;0;1;133900
416;RM;1300;6;1980;TA;1;2;3;5;1;2;124000
417;RL;7420;5;1962;TA;1;3;4;6;0;2;132000
418;RL;8450;7;2003;Ex;2;3;4;6;0;2;185000
419;RL;7207;5;1958;Gd;1;2;3;4;0;0;116500
420;RL;2308;6;1976;TA;2;3;4;7;1;2;155000
421;RL;10237;6;2005;Ex;2;3;4;8;1;2;178900
422;RL;9600;5;1940;Ex;1;2;3;7;2;1;160000
423;RL;7390;5;1955;TA;1;3;4;6;0;1;135000
424;RL;10382;6;1958;TA;1;2;3;6;0;1;140000
425;RL;2268;7;2003;Ex;2;2;3;6;0;2;173000
426;RL;7892;6;1979;TA;2;2;3;5;1;1;99500
427;RL;9450;4;1954;Ex;1;3;4;5;0;2;110000
428;RL;8816;5;1963;TA;1;3;4;5;0;2;139000
429;RL;12122;7;1961;Gd;1;3;4;6;0;2;178400
430;RL;3182;7;2007;Ex;2;2;3;6;1;2;159895
431;RL;9760;6;1964;Gd;2;3;4;7;1;2;187000
432;RL;8846;6;2005;Ex;2;3;4;6;0;2;173900
433;RL;4712;4;1946;TA;1;3;4;5;0;1;121600
434;RL;10659;5;1961;TA;1;3;4;6;0;1;136500
435;RL;11717;6;1970;TA;2;2;3;6;1;2;185000
436;RL;3182;7;2005;Ex;2;1;2;7;1;2;181000
437;RL;8385;5;1977;TA;2;3;4;6;0;1;149900
438;RL;12155;6;1970;Gd;2;3;4;7;1;2;163500
439;RM;2217;4;1970;TA;1;3;4;6;0;1;88000
440;RL;11664;6;1948;TA;1;2;3;5;1;1;119200
441;RL;5814;8;1984;Gd;1;1;2;4;1;2;187500
442;RL;10784;7;1991;Gd;2;3;4;7;1;2;160000
443;RL;7024;4;2005;Ex;1;2;3;5;0;2;176000
444;RL;7406;7;2006;Ex;2;2;3;6;0;2;194000
445;RL;3182;7;2005;Ex;2;2;3;7;1;2;191000
446;RL;7700;5;1972;TA;1;3;4;5;0;2;112500
447;RL;9300;5;1960;TA;1;3;4;6;2;2;167500
448;RL;9492;5;1941;TA;1;3;4;6;1;1;105000
449;RM;1680;6;1972;Gd;1;3;4;7;0;1;118000
450;RM;1533;4;1970;TA;1;3;4;6;1;0;97000
451;RM;1477;4;1970;TA;1;1;2;3;0;1;80000
452;RL;13125;5;1957;Ex;2;3;4;8;1;2;155000
453;RL;5381;6;2005;Ex;2;1;2;5;1;2;196000
454;RL;9245;5;1994;Ex;1;3;4;5;0;2;145000
455;RL;11100;4;1946;Ex;1;2;3;6;0;1;84900
456;RL;8993;7;2007;Ex;2;3;4;6;0;2;176485
457;RL;11361;6;1976;TA;2;3;4;7;1;2;180000
458;RL;7052;7;2005;Ex;2;2;3;6;1;2;185850
459;RL;11000;5;1966;Ex;1;3;4;6;1;2;154000
460;RL;7837;6;1993;Gd;2;3;4;7;1;2;178000
461;RL;9600;5;1949;TA;1;2;3;4;0;2;135000
462;RL;10152;5;1956;TA;1;3;4;6;0;1;135000
463;RL;7950;6;1977;TA;1;3;4;6;0;2;159500
464;RL;8556;7;2006;Ex;2;2;3;5;0;3;194000
465;RL;15870;5;1969;Ex;1;3;4;6;0;1;138800
466;RM;4435;6;2004;Ex;1;1;2;3;1;2;155900
467;RL;8775;5;1994;Gd;1;3;4;5;0;1;126000
468;RL;11040;6;1971;Ex;2;3;4;5;0;2;145000
469;RL;7500;5;1963;Fa;1;3;4;5;0;1;133000
470;RL;8749;7;2002;Ex;2;3;4;6;1;2;192000
471;RL;8800;6;1964;TA;1;3;4;6;2;1;160000
472;RL;13031;6;1995;Gd;2;3;4;6;1;2;187500
473;RL;9069;6;1992;Ex;1;2;3;5;0;2;147000
474;RM;1974;4;1973;TA;1;3;4;6;0;1;83500
475;RM;2522;7;2004;Ex;2;3;4;7;0;2;137500
476;RL;9230;5;1965;Gd;1;1;2;6;0;2;146000
477;RL;5868;5;1956;Ex;1;2;3;4;0;1;129000
478;RL;9317;6;2006;Gd;2;3;4;6;1;2;176432
479;RL;3696;8;1986;Ex;1;2;3;5;0;2;170000
480;RL;11880;7;1978;TA;2;3;4;7;1;2;157000
481;RL;9758;5;1971;TA;1;3;4;5;0;1;119500
482;RL;7000;5;1960;Ex;1;2;3;6;0;1;135000
483;RL;8910;6;1959;Ex;1;3;4;6;1;2;159500
484;RM;2016;5;1970;TA;2;3;4;6;0;2;106000
485;RL;10357;7;1990;Gd;2;3;4;6;1;2;179900
486;RL;8063;6;2000;Ex;2;3;4;7;1;2;181000
487;RL;8000;6;1995;Gd;2;3;4;8;1;2;188000
488;RL;7100;5;1957;TA;1;2;3;5;0;1;129900
489;RL;8923;5;1953;Gd;1;2;3;6;0;1;134500
490;RL;5400;5;1954;Ex;1;2;3;4;0;1;117000
491;RL;7750;8;2002;Ex;2;3;4;7;1;2;184100
492;RL;9764;5;1967;Ex;1;3;4;5;0;2;130000
493;RL;13825;5;1958;TA;1;3;4;6;0;1;140000
494;RL;7560;5;1959;TA;1;3;4;6;0;1;133700
495;RL;8926;4;1956;Ex;1;3;4;5;0;1;112000
496;RL;9405;5;1947;Ex;1;2;3;4;0;0;118000
497;RL;9125;7;1992;Gd;2;3;4;7;1;2;163900
498;RL;10434;4;1955;TA;1;2;3;5;1;2;115000
499;RL;3684;7;2007;Ex;2;2;3;7;1;3;174000
500;RM;7200;5;1980;TA;1;2;3;4;0;2;140000
501;RL;8773;6;1997;Gd;2;3;4;7;1;2;169000
502;RL;9600;6;1950;TA;1;3;4;6;0;1;119000
503;RL;9819;6;1977;TA;2;2;3;5;2;2;196000
504;RL;7350;5;1951;TA;1;2;3;4;0;2;139000
505;RL;9000;5;1959;TA;1;3;4;5;0;0;80000
506;RL;11200;6;1985;TA;2;3;4;5;1;2;180000
507;RL;12000;7;1941;Ex;1;3;4;7;1;1;174500
508;RL;8280;6;1950;Ex;1;2;3;4;1;1;124000
509;RL;17755;5;1959;TA;1;3;4;6;2;2;149900
510;RL;9350;5;1965;Gd;2;3;4;6;1;2;179900
511;RL;2280;6;1978;Fa;2;3;4;7;1;2;146000
512;RL;8724;5;1968;Gd;1;3;4;5;1;2;129000
513;RL;16157;5;1978;Ex;1;2;3;5;1;2;194000
514;RL;10852;6;2000;Ex;2;3;4;7;1;2;173000
515;RL;9120;6;1958;Ex;1;3;4;6;1;2;163000
516;RL;6951;5;1984;TA;1;3;4;5;0;1;119500
517;RL;8335;5;1954;Gd;1;3;4;5;1;0;93000
518;RL;8935;7;2002;Ex;2;3;4;7;0;2;195000
519;RL;7500;7;1999;Gd;2;3;4;7;1;2;189000
520;RM;4500;6;1999;Ex;2;2;3;5;0;2;165000
521;RL;8029;6;2005;Ex;2;3;4;8;0;2;176000
522;RL;9100;7;2001;Ex;2;3;4;6;0;2;178000
523;RL;11235;4;1963;Gd;1;3;4;6;1;2;148000
524;RL;9353;4;1970;Gd;1;3;4;5;0;1;116050
525;RL;10400;7;1998;Ex;2;3;4;6;0;2;197900
526;RL;10140;5;1975;Ex;1;3;4;6;0;2;153500
527;RL;9135;6;2003;Ex;2;3;4;7;0;2;200000
528;RL;7763;5;1962;TA;1;3;4;6;0;2;140000
529;RL;11218;6;1992;Ex;2;3;4;8;1;2;189000
530;RL;9340;4;1941;TA;1;2;3;4;0;1;113000
531;RL;10205;5;1962;TA;1;3;4;6;0;1;134500
532;RL;7094;5;1966;TA;1;3;4;5;0;1;125000
533;RM;1680;6;1971;TA;1;3;4;7;0;0;91500
534;RL;7800;5;1964;TA;1;2;3;5;0;1;115000
535;RL;8250;5;1968;Ex;1;3;4;5;1;1;134000
536;RL;10496;6;1949;Ex;2;3;4;7;1;1;143000
537;RL;15384;7;2004;Ex;2;3;4;8;1;2;184000
538;RL;10482;6;1958;Ex;1;3;4;6;0;1;145000
539;RL;8872;5;1965;Ex;1;2;3;5;0;2;147000
540;RL;7728;5;1962;TA;1;3;4;6;0;2;132500
541;RL;12160;5;1959;Fa;1;3;4;6;0;2;142000
542;RL;2628;7;2003;Ex;2;2;3;6;0;2;175500
543;RL;13072;6;2005;Ex;1;3;4;6;0;2;142500
544;RL;10625;7;1974;TA;2;3;4;6;2;2;170000
545;RL;12328;6;1976;TA;1;3;4;6;0;3;169900
546;RL;7200;5;1950;TA;1;3;4;6;0;1;119000
547;RL;3136;7;2003;Ex;2;2;3;6;1;2;171750
548;RL;9858;5;1968;TA;1;3;4;5;0;1;130000
549;RL;6931;7;2003;Ex;2;3;4;7;1;2;165400
550;RL;9587;7;2005;Ex;2;2;3;5;0;2;190000
551;RL;9750;6;1969;Gd;1;3;4;6;0;2;151000
552;RL;9600;5;1956;Gd;1;2;3;5;0;1;128900
553;RL;11344;5;1958;TA;1;3;4;7;0;1;144000
554;RL;9156;6;1968;Gd;2;3;4;7;1;2;185750
555;RL;13526;5;1965;TA;1;3;4;5;0;1;137000
556;RL;11512;6;1959;Gd;1;2;3;5;1;1;177000
557;RL;12936;6;1972;TA;1;3;4;6;1;2;162000
558;RL;17871;6;1967;Fa;1;3;4;7;1;2;197900
559;RL;8049;7;1990;TA;2;2;3;6;1;2;180000
560;RL;8800;5;1977;TA;2;3;4;5;0;2;150500
561;RL;9790;6;1963;TA;1;3;4;6;2;2;143000
562;RL;14112;5;1964;TA;1;3;4;6;1;2;180500
563;RM;1680;5;1972;TA;2;3;4;6;0;1;119500
564;RL;8172;5;1955;TA;1;2;3;5;0;2;115000
565;RL;8400;5;1968;Gd;1;3;4;5;0;1;138500
566;RL;8700;5;1963;Gd;2;3;4;6;0;2;155000
567;RM;3675;6;2005;Gd;2;2;3;5;0;2;140000
568;RL;7500;5;1959;Ex;1;3;4;6;0;1;154000
569;RL;7500;6;1942;Fa;1;3;4;7;2;1;177500
570;RM;3363;7;2004;Ex;2;3;4;7;0;2;130000
571;RL;8072;5;1994;Ex;1;3;4;5;0;2;138000
572;RM;12000;5;1948;Ex;1;2;3;6;0;2;147000
573;RL;7153;6;1991;Gd;2;3;4;6;0;2;179200
574;RL;8190;4;1954;Ex;1;3;4;5;1;1;119000
575;RL;10215;4;1954;Ex;1;3;4;5;0;1;111000
576;RL;8400;6;1957;Gd;1;3;4;6;2;2;156500
577;RL;10186;7;1992;Ex;2;3;4;8;1;2;190000
578;RL;5330;4;1940;Gd;1;2;3;5;0;0;82500
579;RL;9986;8;2006;Ex;2;2;3;7;1;3;147000
580;RL;6600;5;1982;Ex;1;3;4;5;1;1;130500
581;RL;9084;7;1998;Gd;2;3;4;8;1;2;176500
582;RL;10780;5;1976;Gd;1;3;4;6;0;2;132500
583;RM;2368;5;1970;TA;1;3;4;7;0;2;125000
584;RL;9650;6;1977;TA;2;2;3;6;1;2;167900
585;RL;13450;7;2002;Ex;2;3;4;8;0;2;200000
586;RL;9560;5;1972;Ex;1;3;4;5;0;1;128500
587;RL;13695;6;2003;Ex;1;3;4;6;0;2;155000
588;RL;11103;7;2006;Ex;2;3;4;8;1;2;155835
589;RL;9477;5;1966;TA;1;3;4;5;0;1;110000
590;RL;12537;5;1971;Ex;1;3;4;6;1;2;149900
591;RL;8499;6;2006;Ex;2;3;4;6;1;2;156932
592;RL;9179;7;1999;Ex;2;3;4;7;0;2;193000
593;RM;4435;6;2003;Ex;1;1;2;4;0;2;144000
594;RL;9600;6;1955;Gd;1;3;4;8;1;1;165500
595;RL;10998;5;1941;Ex;2;3;4;6;0;2;117000
596;RM;1953;6;1973;TA;1;2;3;5;0;1;83000
597;RL;9735;5;2006;Gd;2;3;4;7;0;2;167500
598;RM;6000;6;1941;Ex;1;3;4;6;1;2;131000
599;RL;7838;5;1967;TA;1;3;4;6;1;1;123000
600;RL;7200;5;1950;Gd;1;3;4;7;0;1;138000
601;RL;7415;6;2004;Ex;2;3;4;8;1;2;193000
602;RL;6762;7;2006;Ex;2;2;3;6;1;2;193879
603;RL;8445;5;1972;TA;1;2;3;5;0;2;133000
604;RL;8780;5;1985;Ex;1;3;4;5;0;0;112000
605;RL;9600;6;1950;Ex;1;3;4;6;0;1;140000
606;RL;3635;7;2007;Ex;2;1;2;7;1;3;175900
607;RL;9204;5;1963;TA;1;3;4;6;0;1;124000
608;RL;11700;6;1968;Gd;2;3;4;7;1;2;179900
609;RL;4043;6;1977;TA;2;2;3;4;1;2;127500
610;RM;4435;6;2003;Ex;1;1;2;3;0;2;136500
611;RL;9503;5;1958;TA;1;2;3;6;1;1;144000
612;RL;10721;6;1959;Ex;1;3;4;7;0;2;142000
613;RL;10930;5;1945;TA;1;3;4;6;1;1;140000
614;RM;7200;5;1940;TA;1;2;3;4;2;1;119000
615;RL;12546;6;1981;Ex;2;3;4;7;1;2;182900
616;RL;4928;6;1976;TA;2;2;3;5;0;2;143750
617;RL;10261;6;2000;Ex;2;3;4;8;1;2;186500
618;RL;17400;5;1977;Fa;2;3;4;5;1;2;160000
619;RL;8400;6;1962;TA;1;3;4;7;1;2;174000
620;RL;9000;4;1971;TA;1;3;4;5;0;2;120500
621;RM;7407;6;1957;TA;1;2;3;6;0;2;149700
622;RL;11584;7;1979;TA;2;3;4;6;1;2;197000
623;RM;4426;6;2004;Ex;1;1;2;3;1;2;149300
624;RL;8500;7;2004;Ex;2;3;4;7;0;2;179600
625;RL;8400;6;1966;Gd;1;3;4;6;0;1;129000
626;RM;1533;5;1970;Ex;1;1;2;3;0;0;92000
627;RM;3675;5;2005;Gd;1;2;3;5;0;2;145000
628;RL;7917;6;1999;Ex;2;3;4;7;1;2;175000
629;RL;9717;5;1950;Gd;1;2;3;5;0;1;142125
